 Cities,Cloudiness,Country,Date,Humidity,Lat,Lng,Max_Temp,Wind_Speed
bograd,40.0,RU,1970-01-01 00:00:01.594945698,93.0,54.23,90.83,60.8,6.71
butaritari,55.0,KI,1970-01-01 00:00:01.594945465,68.0,3.07,172.79,83.46,9.31
pisco,90.0,PE,1970-01-01 00:00:01.594945513,82.0,-13.7,-76.22,60.8,11.41
fort nelson,90.0,CA,1970-01-01 00:00:01.594945699,93.0,58.81,-122.7,59.0,3.36
avarua,2.0,CK,1970-01-01 00:00:01.594945699,69.0,-21.21,-159.78,73.4,10.29
bredasdorp,0.0,ZA,1970-01-01 00:00:01.594945699,93.0,-34.53,20.04,39.2,4.7
yumen,63.0,CN,1970-01-01 00:00:01.594945699,39.0,40.28,97.2,69.46,8.1
gaoual,98.0,GN,1970-01-01 00:00:01.594945699,94.0,11.75,-13.2,71.87,3.22
temir,0.0,KZ,1970-01-01 00:00:01.594945700,26.0,49.14,57.13,78.35,8.37
milton,58.0,US,1970-01-01 00:00:01.594945631,75.0,34.13,-84.3,84.99,3.22
cayenne,100.0,GF,1970-01-01 00:00:01.594945700,94.0,4.93,-52.33,78.8,10.76
trat,85.0,TH,1970-01-01 00:00:01.594945700,88.0,12.5,102.5,78.87,1.59
thompson,75.0,CA,1970-01-01 00:00:01.594945700,72.0,55.74,-97.86,66.2,9.17
tuktoyaktuk,75.0,CA,1970-01-01 00:00:01.594945701,67.0,69.45,-133.04,57.2,12.75
lodwar,95.0,KE,1970-01-01 00:00:01.594945701,48.0,3.12,35.6,80.08,12.12
bimbo,20.0,CF,1970-01-01 00:00:01.594945701,94.0,4.26,18.42,71.6,2.24
port-gentil,75.0,GA,1970-01-01 00:00:01.594945701,94.0,-0.72,8.78,75.2,11.1
mataura,13.0,NZ,1970-01-01 00:00:01.594945587,83.0,-46.19,168.86,39.0,3.0
waingapu,16.0,ID,1970-01-01 00:00:01.594945702,75.0,-9.66,120.26,76.73,5.84
atuona,0.0,PF,1970-01-01 00:00:01.594945466,75.0,-9.8,-139.03,79.92,17.76
christchurch,96.0,NZ,1970-01-01 00:00:01.594945702,81.0,-43.53,172.63,48.99,5.82
san patricio,75.0,MX,1970-01-01 00:00:01.594945702,78.0,19.22,-104.7,82.4,11.41
yellowknife,75.0,CA,1970-01-01 00:00:01.594945684,45.0,62.46,-114.35,69.01,6.93
san quintin,1.0,MX,1970-01-01 00:00:01.594945552,68.0,30.48,-115.95,71.33,14.47
saskylakh,100.0,RU,1970-01-01 00:00:01.594945703,62.0,71.92,114.08,48.76,19.73
vaini,40.0,TO,1970-01-01 00:00:01.594945703,74.0,-21.2,-175.2,78.8,9.17
mar del plata,0.0,AR,1970-01-01 00:00:01.594945532,81.0,-38.0,-57.56,51.01,10.78
siauliai,90.0,LT,1970-01-01 00:00:01.594945704,87.0,55.93,23.32,55.4,3.36
esna,0.0,EG,1970-01-01 00:00:01.594945704,32.0,25.29,32.55,84.2,9.6
shupiyan,15.0,IN,1970-01-01 00:00:01.594945704,72.0,33.72,74.83,60.19,2.98
dwarka,95.0,IN,1970-01-01 00:00:01.594945704,79.0,22.24,68.97,83.89,6.38
bluff,24.0,NZ,1970-01-01 00:00:01.594945457,83.0,-46.6,168.33,39.0,3.0
sorland,96.0,NO,1970-01-01 00:00:01.594945705,80.0,67.67,12.69,57.18,10.47
rikitea,100.0,PF,1970-01-01 00:00:01.594945705,80.0,-23.12,-134.97,73.92,5.82
kapuskasing,75.0,CA,1970-01-01 00:00:01.594945705,64.0,49.42,-82.43,73.4,2.24
alyangula,2.0,AU,1970-01-01 00:00:01.594945705,73.0,-13.85,136.42,69.8,9.44
ambilobe,23.0,MG,1970-01-01 00:00:01.594945705,87.0,-13.2,49.05,66.88,3.0
talara,8.0,PE,1970-01-01 00:00:01.594945706,87.0,-4.58,-81.27,62.67,12.8
aurillac,90.0,FR,1970-01-01 00:00:01.594945706,87.0,44.92,2.45,59.0,4.7
albany,96.0,US,1970-01-01 00:00:01.594945706,59.0,42.6,-73.97,75.0,9.95
ushuaia,0.0,AR,1970-01-01 00:00:01.594945518,74.0,-54.8,-68.3,28.4,6.93
makakilo city,20.0,US,1970-01-01 00:00:01.594945706,58.0,21.35,-158.09,89.6,10.29
namibe,0.0,AO,1970-01-01 00:00:01.594945707,53.0,-15.2,12.15,68.34,4.29
port alfred,9.0,ZA,1970-01-01 00:00:01.594945456,46.0,-33.59,26.89,56.84,7.43
teya,86.0,RU,1970-01-01 00:00:01.594945707,88.0,60.38,92.63,50.95,9.62
hobart,20.0,AU,1970-01-01 00:00:01.594945469,75.0,-42.88,147.33,44.6,12.75
new norfolk,4.0,AU,1970-01-01 00:00:01.594945708,87.0,-42.78,147.06,42.01,2.51
sao filipe,20.0,CV,1970-01-01 00:00:01.594945708,80.0,14.9,-24.5,75.74,5.3
punta arenas,0.0,CL,1970-01-01 00:00:01.594945708,92.0,-53.15,-70.92,28.4,2.24
tinaquillo,87.0,VE,1970-01-01 00:00:01.594945708,91.0,9.92,-68.3,72.21,1.28
ulundi,0.0,ZA,1970-01-01 00:00:01.594945709,46.0,-28.34,31.42,49.1,4.41
tasiilaq,55.0,GL,1970-01-01 00:00:01.594945709,61.0,65.61,-37.64,46.4,20.8
mount gambier,8.0,AU,1970-01-01 00:00:01.594945709,93.0,-37.83,140.77,41.0,6.93
praya,75.0,CV,1970-01-01 00:00:01.594945519,73.0,14.92,-23.51,77.0,10.29
yola,100.0,NG,1970-01-01 00:00:01.594945709,86.0,9.2,12.48,75.74,2.86
coihaique,90.0,CL,1970-01-01 00:00:01.594945710,93.0,-45.58,-72.07,32.0,4.7
upernavik,29.0,GL,1970-01-01 00:00:01.594945710,80.0,72.79,-56.15,45.05,3.44
numaligarh,99.0,IN,1970-01-01 00:00:01.594945710,91.0,26.63,93.75,78.66,3.09
ribeira grande,81.0,PT,1970-01-01 00:00:01.594945587,79.0,38.52,-28.7,69.06,14.25
jiexiu,45.0,CN,1970-01-01 00:00:01.594945710,62.0,37.02,111.91,76.06,4.43
caarapo,59.0,BR,1970-01-01 00:00:01.594945711,75.0,-22.63,-54.82,66.67,5.46
longyearbyen,75.0,SJ,1970-01-01 00:00:01.594945536,87.0,78.22,15.64,44.6,2.24
qaanaaq,72.0,GL,1970-01-01 00:00:01.594945711,78.0,77.48,-69.36,43.88,4.68
sri aman,20.0,MY,1970-01-01 00:00:01.594945712,94.0,1.24,111.46,77.0,1.12
nikolskoye,84.0,RU,1970-01-01 00:00:01.594945712,76.0,59.7,30.79,57.2,4.47
madera,0.0,US,1970-01-01 00:00:01.594945712,21.0,37.17,-119.83,99.0,1.99
juneau,75.0,US,1970-01-01 00:00:01.594945712,59.0,58.3,-134.42,66.2,10.29
cape town,0.0,ZA,1970-01-01 00:00:01.594945466,93.0,-33.93,18.42,48.0,4.7
kerema,41.0,PG,1970-01-01 00:00:01.594945713,80.0,-7.96,145.78,80.38,1.66
minab,40.0,IR,1970-01-01 00:00:01.594945713,43.0,27.15,57.08,91.4,9.17
busselton,82.0,AU,1970-01-01 00:00:01.594945713,90.0,-33.65,115.33,52.0,12.15
haines junction,22.0,CA,1970-01-01 00:00:01.594945713,36.0,60.75,-137.51,71.71,7.92
oriximina,36.0,BR,1970-01-01 00:00:01.594945713,71.0,-1.77,-55.87,80.17,3.24
berlevag,94.0,NO,1970-01-01 00:00:01.594945534,85.0,70.86,29.09,51.48,2.15
isangel,40.0,VU,1970-01-01 00:00:01.594945548,74.0,-19.55,169.27,80.6,6.93
saint-philippe,90.0,RE,1970-01-01 00:00:01.594945456,88.0,-21.36,55.77,68.0,4.7
severo-kurilsk,82.0,RU,1970-01-01 00:00:01.594945527,86.0,50.68,156.12,54.05,3.24
puerto escondido,75.0,MX,1970-01-01 00:00:01.594945715,69.0,15.85,-97.07,78.8,5.82
kita,100.0,ML,1970-01-01 00:00:01.594945715,92.0,13.03,-9.49,71.62,1.19
hasaki,75.0,JP,1970-01-01 00:00:01.594945584,100.0,35.73,140.83,66.0,9.17
provideniya,90.0,RU,1970-01-01 00:00:01.594945432,81.0,64.38,-173.3,53.6,4.47
jamestown,90.0,US,1970-01-01 00:00:01.594945491,94.0,42.1,-79.24,73.99,4.7
kavieng,29.0,PG,1970-01-01 00:00:01.594945716,63.0,-2.57,150.8,85.21,0.98
lao cai,100.0,VN,1970-01-01 00:00:01.594945716,79.0,22.48,103.95,79.61,0.34
hattiesburg,1.0,US,1970-01-01 00:00:01.594945434,70.0,31.33,-89.29,84.99,3.36
sagua la grande,75.0,CU,1970-01-01 00:00:01.594945717,78.0,22.81,-80.08,82.4,6.93
sept-iles,75.0,CA,1970-01-01 00:00:01.594945717,63.0,50.2,-66.38,64.99,4.7
pamekasan,42.0,ID,1970-01-01 00:00:01.594945717,75.0,-7.16,113.47,79.65,11.74
belozerskoye,0.0,RU,1970-01-01 00:00:01.594945717,79.0,55.82,65.58,66.2,3.62
kodiak,90.0,US,1970-01-01 00:00:01.594945717,77.0,57.79,-152.41,60.8,6.93
vardo,79.0,NO,1970-01-01 00:00:01.594945718,81.0,70.37,31.11,53.73,3.76
shahreza,56.0,IR,1970-01-01 00:00:01.594945718,57.0,32.03,51.88,65.75,3.85
hermanus,0.0,ZA,1970-01-01 00:00:01.594945718,86.0,-34.42,19.23,46.99,6.38
hudson bay,38.0,CA,1970-01-01 00:00:01.594945718,58.0,52.85,-102.38,70.61,7.23
iracoubo,100.0,GF,1970-01-01 00:00:01.594945718,83.0,5.48,-53.2,79.39,10.4
paengaroa,100.0,NZ,1970-01-01 00:00:01.594945719,76.0,-37.82,176.42,59.0,1.01
barrow,90.0,US,1970-01-01 00:00:01.594945719,74.0,71.29,-156.79,35.6,13.87
castro,86.0,BR,1970-01-01 00:00:01.594945719,89.0,-24.79,-50.01,56.34,4.05
ensenada,2.0,MX,1970-01-01 00:00:01.594945719,75.0,31.87,-116.62,72.0,3.0
talnakh,75.0,RU,1970-01-01 00:00:01.594945719,87.0,69.49,88.4,50.0,17.9
nome,90.0,US,1970-01-01 00:00:01.594945462,82.0,64.5,-165.41,60.01,9.17
san cristobal,40.0,VE,1970-01-01 00:00:01.594945720,58.0,7.77,-72.22,84.2,6.93
karabulak,2.0,RU,1970-01-01 00:00:01.594945720,93.0,43.3,44.9,62.6,4.47
cidreira,100.0,BR,1970-01-01 00:00:01.594945720,89.0,-30.18,-50.21,56.91,22.73
faanui,85.0,PF,1970-01-01 00:00:01.594945511,86.0,-16.48,-151.75,76.84,16.2
nkhotakota,73.0,MW,1970-01-01 00:00:01.594945721,58.0,-12.93,34.3,63.63,12.46
tutoia,2.0,BR,1970-01-01 00:00:01.594945721,82.0,-2.76,-42.27,78.8,9.69
hofn,89.0,IS,1970-01-01 00:00:01.594945722,88.0,64.25,-15.21,51.84,21.34
noumea,13.0,NC,1970-01-01 00:00:01.594945722,41.0,-22.28,166.46,75.2,10.29
pangnirtung,1.0,CA,1970-01-01 00:00:01.594945722,28.0,66.15,-65.71,65.55,2.86
turukhansk,17.0,RU,1970-01-01 00:00:01.594945722,85.0,65.82,87.98,48.9,17.4
fayaoue,23.0,NC,1970-01-01 00:00:01.594945722,59.0,-20.65,166.53,69.8,7.72
tagusao,99.0,PH,1970-01-01 00:00:01.594945552,74.0,9.19,117.81,82.58,5.86
kaspiysk,0.0,RU,1970-01-01 00:00:01.594945723,69.0,42.88,47.64,73.4,4.47
georgetown,20.0,MY,1970-01-01 00:00:01.594945723,94.0,5.41,100.34,77.0,2.24
dhidhdhoo,98.0,MV,1970-01-01 00:00:01.594945507,75.0,6.88,73.1,84.4,15.28
bogale,99.0,MM,1970-01-01 00:00:01.594945723,89.0,16.28,95.4,79.45,3.89
airai,0.0,TL,1970-01-01 00:00:01.594945724,72.0,-8.93,125.41,64.8,3.38
flin flon,40.0,CA,1970-01-01 00:00:01.594945724,60.0,54.77,-101.86,68.0,8.05
kutum,83.0,SD,1970-01-01 00:00:01.594945724,54.0,14.2,24.67,77.11,9.75
mahebourg,75.0,MU,1970-01-01 00:00:01.594945724,83.0,-20.41,57.7,69.8,5.82
hami,64.0,CN,1970-01-01 00:00:01.594945724,28.0,42.8,93.45,79.25,6.8
bethel,20.0,US,1970-01-01 00:00:01.594945684,64.0,41.37,-73.41,69.8,5.82
kapaa,20.0,US,1970-01-01 00:00:01.594945725,70.0,22.08,-159.32,84.2,8.05
laguna de perlas,75.0,NI,1970-01-01 00:00:01.594945725,79.0,12.34,-83.67,84.2,4.7
geraldton,40.0,AU,1970-01-01 00:00:01.594945725,72.0,-28.77,114.6,59.0,19.46
tual,11.0,ID,1970-01-01 00:00:01.594945725,83.0,-5.67,132.75,78.8,19.26
tanete,67.0,ID,1970-01-01 00:00:01.594945726,77.0,-3.94,119.78,79.45,6.46
imbituba,90.0,BR,1970-01-01 00:00:01.594945726,87.0,-28.24,-48.67,59.0,4.7
iqaluit,75.0,CA,1970-01-01 00:00:01.594945569,62.0,63.75,-68.51,53.6,5.82
hambantota,100.0,LK,1970-01-01 00:00:01.594945726,77.0,6.12,81.12,81.82,15.79
suez,0.0,EG,1970-01-01 00:00:01.594945726,75.0,29.97,32.53,70.63,9.1
okhotsk,100.0,RU,1970-01-01 00:00:01.594945726,85.0,59.38,143.3,57.52,7.87
boa vista,75.0,BR,1970-01-01 00:00:01.594945727,70.0,2.82,-60.67,84.2,3.36
katherine,0.0,AU,1970-01-01 00:00:01.594945558,24.0,-14.47,132.27,71.6,10.29
comrat,63.0,MD,1970-01-01 00:00:01.594945727,80.0,46.3,28.66,63.3,4.7
saint anthony,1.0,US,1970-01-01 00:00:01.594945727,45.0,45.02,-93.22,84.2,13.87
yerbogachen,2.0,RU,1970-01-01 00:00:01.594945727,63.0,61.28,108.01,56.68,10.69
torbay,90.0,CA,1970-01-01 00:00:01.594945728,100.0,47.67,-52.73,48.99,18.34
brownfield,25.0,US,1970-01-01 00:00:01.594945497,17.0,33.18,-102.27,99.0,1.99
bull savanna,72.0,JM,1970-01-01 00:00:01.594945728,81.0,17.89,-77.59,78.6,4.61
chara,100.0,RU,1970-01-01 00:00:01.594945728,77.0,56.91,118.26,61.57,5.68
aklavik,40.0,CA,1970-01-01 00:00:01.594945728,59.0,68.22,-135.01,64.4,8.05
chokurdakh,100.0,RU,1970-01-01 00:00:01.594945457,80.0,70.63,147.92,45.68,3.22
salalah,75.0,OM,1970-01-01 00:00:01.594945632,88.0,17.02,54.09,82.4,8.05
naze,75.0,JP,1970-01-01 00:00:01.594945463,83.0,28.37,129.48,82.4,14.99
buturlinovka,47.0,RU,1970-01-01 00:00:01.594945729,82.0,50.82,40.61,55.6,2.3
beloha,17.0,MG,1970-01-01 00:00:01.594945729,80.0,-25.17,45.05,57.42,6.11
saint-pierre,90.0,RE,1970-01-01 00:00:01.594945730,88.0,-21.34,55.48,68.0,4.7
padang,96.0,ID,1970-01-01 00:00:01.594945558,81.0,-0.95,100.35,77.56,2.46
boulder,40.0,US,1970-01-01 00:00:01.594945503,21.0,40.08,-105.35,84.2,13.87
great falls,1.0,US,1970-01-01 00:00:01.594945508,22.0,47.5,-111.3,86.0,10.29
palau,75.0,PW,1970-01-01 00:00:01.594945730,74.0,7.5,134.62,84.2,4.7
hilo,1.0,US,1970-01-01 00:00:01.594945731,62.0,19.73,-155.09,86.0,9.17
along,100.0,IN,1970-01-01 00:00:01.594945543,90.0,28.17,94.77,74.5,0.63
baykit,99.0,RU,1970-01-01 00:00:01.594945731,82.0,61.67,96.37,51.15,11.92
kumo,99.0,NG,1970-01-01 00:00:01.594945732,78.0,10.04,11.21,76.59,1.95
yei,99.0,SS,1970-01-01 00:00:01.594945732,93.0,4.09,30.68,65.28,2.64
puerto ayora,85.0,EC,1970-01-01 00:00:01.594945733,87.0,-0.74,-90.35,69.01,1.99
puerto penasco,0.0,MX,1970-01-01 00:00:01.594945733,70.0,31.32,-113.53,89.01,4.0
leningradskiy,97.0,RU,1970-01-01 00:00:01.594945734,81.0,69.38,178.42,46.83,14.07
souillac,75.0,MU,1970-01-01 00:00:01.594945526,83.0,-20.52,57.52,69.8,5.82
lorengau,52.0,PG,1970-01-01 00:00:01.594945735,62.0,-2.02,147.27,85.77,4.16
kahului,40.0,US,1970-01-01 00:00:01.594945511,52.0,20.89,-156.47,91.4,21.92
hervey bay,0.0,AU,1970-01-01 00:00:01.594945736,52.0,-25.3,152.85,62.01,5.99
cabanas,40.0,CU,1970-01-01 00:00:01.594945736,74.0,22.98,-82.92,82.4,5.82
minas,67.0,UY,1970-01-01 00:00:01.594945736,100.0,-34.38,-55.24,48.99,3.36
nizhniy kuranakh,19.0,RU,1970-01-01 00:00:01.594945539,59.0,58.84,125.49,78.87,1.77
east london,1.0,ZA,1970-01-01 00:00:01.594945736,37.0,-33.02,27.91,57.54,5.37
sandwick,100.0,GB,1970-01-01 00:00:01.594945737,100.0,60.0,-1.25,53.6,11.41
constantine,0.0,DZ,1970-01-01 00:00:01.594945737,77.0,36.37,6.61,64.4,3.62
lebu,100.0,CL,1970-01-01 00:00:01.594945737,89.0,-37.62,-73.65,53.06,21.32
houma,40.0,US,1970-01-01 00:00:01.594945490,94.0,29.6,-90.72,75.99,4.81
atar,13.0,MR,1970-01-01 00:00:01.594945738,19.0,20.52,-13.05,90.61,9.31
vidim,51.0,RU,1970-01-01 00:00:01.594945738,87.0,56.41,103.11,51.12,9.6
dingle,25.0,PH,1970-01-01 00:00:01.594945738,79.0,11.0,122.67,82.65,0.49
hithadhoo,97.0,MV,1970-01-01 00:00:01.594945739,69.0,-0.6,73.08,84.16,6.31
tchaourou,100.0,BJ,1970-01-01 00:00:01.594945739,98.0,8.89,2.6,70.36,2.98
chapais,90.0,CA,1970-01-01 00:00:01.594945739,93.0,49.78,-74.85,66.2,10.29
calbuco,90.0,CL,1970-01-01 00:00:01.594945739,87.0,-41.77,-73.13,51.8,16.11
owando,89.0,CG,1970-01-01 00:00:01.594945739,93.0,-0.48,15.9,71.69,3.0
yulara,0.0,AU,1970-01-01 00:00:01.594945740,40.0,-25.24,130.99,51.8,8.05
kochinda,97.0,IN,1970-01-01 00:00:01.594945740,89.0,21.73,84.35,77.97,4.47
cabedelo,28.0,BR,1970-01-01 00:00:01.594945740,94.0,-6.98,-34.83,73.4,6.93
saint george,1.0,US,1970-01-01 00:00:01.594945537,11.0,37.1,-113.58,102.99,16.11
waddan,0.0,LY,1970-01-01 00:00:01.594945741,26.0,29.16,16.14,84.61,7.11
arraial do cabo,30.0,BR,1970-01-01 00:00:01.594945742,67.0,-22.97,-42.03,68.4,13.2
katsuura,75.0,JP,1970-01-01 00:00:01.594945742,94.0,35.13,140.3,68.0,6.93
coronado,20.0,US,1970-01-01 00:00:01.594945742,60.0,32.69,-117.18,77.0,11.41
muros,79.0,ES,1970-01-01 00:00:01.594945462,59.0,42.78,-9.06,66.99,5.01
lenart,100.0,SI,1970-01-01 00:00:01.594945743,93.0,46.58,15.83,61.0,3.36
owensboro,1.0,US,1970-01-01 00:00:01.594945741,74.0,37.77,-87.11,81.0,3.36
andenes,99.0,NO,1970-01-01 00:00:01.594945743,93.0,69.31,16.12,51.8,5.82
krasnoselkup,50.0,RU,1970-01-01 00:00:01.594945743,76.0,65.7,82.47,50.09,17.2
maldonado,41.0,UY,1970-01-01 00:00:01.594945743,100.0,-34.67,-54.92,48.99,3.36
mangan,100.0,IN,1970-01-01 00:00:01.594945744,61.0,27.52,88.53,76.19,1.21
kanigiri,98.0,IN,1970-01-01 00:00:01.594945744,78.0,15.4,79.52,79.59,5.41
pevek,100.0,RU,1970-01-01 00:00:01.594945516,98.0,69.7,170.31,38.84,3.04
ballina,90.0,AU,1970-01-01 00:00:01.594945744,58.0,-28.87,153.57,63.0,10.29
cortez,1.0,US,1970-01-01 00:00:01.594945575,22.0,37.35,-108.59,87.8,4.7
skjervoy,97.0,NO,1970-01-01 00:00:01.594945745,74.0,70.03,20.97,54.66,7.87
sao geraldo do araguaia,15.0,BR,1970-01-01 00:00:01.594945745,51.0,-6.4,-48.55,78.78,2.04
alofi,40.0,NU,1970-01-01 00:00:01.594945745,69.0,-19.06,-169.92,78.8,10.29
dikson,71.0,RU,1970-01-01 00:00:01.594945465,93.0,73.51,80.55,41.04,5.35
la asuncion,41.0,VE,1970-01-01 00:00:01.594945746,78.0,11.03,-63.86,82.4,11.41
olga,3.0,RU,1970-01-01 00:00:01.594945746,65.0,43.74,135.29,76.23,4.65
avera,1.0,US,1970-01-01 00:00:01.594945746,62.0,33.19,-82.53,86.0,6.93
nuuk,14.0,GL,1970-01-01 00:00:01.594945746,71.0,64.18,-51.72,53.6,6.93
beringovskiy,96.0,RU,1970-01-01 00:00:01.594945746,81.0,63.05,179.32,51.82,5.03
sur,68.0,OM,1970-01-01 00:00:01.594945747,71.0,22.57,59.53,83.8,9.91
tongliao,83.0,CN,1970-01-01 00:00:01.594945747,51.0,43.61,122.27,83.5,16.58
hamilton,20.0,US,1970-01-01 00:00:01.594945463,65.0,39.18,-84.53,82.4,8.05
chuy,75.0,UY,1970-01-01 00:00:01.594945747,91.0,-33.7,-53.46,47.28,4.9
agadez,5.0,NE,1970-01-01 00:00:01.594945748,39.0,19.75,10.25,86.09,9.04
dvorichna,98.0,UA,1970-01-01 00:00:01.594945748,86.0,49.85,37.69,60.21,3.89
bilma,95.0,NE,1970-01-01 00:00:01.594945748,34.0,18.69,12.92,89.38,1.92
cherskiy,0.0,RU,1970-01-01 00:00:01.594945748,47.0,68.75,161.3,56.3,6.69
ust-ilimsk,95.0,RU,1970-01-01 00:00:01.594945749,94.0,58.0,102.66,53.8,11.03
krabi,20.0,TH,1970-01-01 00:00:01.594945749,100.0,8.07,98.91,80.01,2.24
harper,73.0,LR,1970-01-01 00:00:01.594945749,80.0,4.38,-7.72,74.43,8.61
khatanga,100.0,RU,1970-01-01 00:00:01.594945510,70.0,71.97,102.5,47.89,17.72
hacari,85.0,CO,1970-01-01 00:00:01.594945750,87.0,8.32,-73.15,68.2,2.55
ilulissat,57.0,GL,1970-01-01 00:00:01.594945750,76.0,69.22,-51.1,48.2,2.24
pontes e lacerda,0.0,BR,1970-01-01 00:00:01.594945750,38.0,-15.23,-59.34,75.27,2.62
fairbanks,90.0,US,1970-01-01 00:00:01.594945534,59.0,64.84,-147.72,66.99,4.7
thunder bay,75.0,CA,1970-01-01 00:00:01.594945646,88.0,48.4,-89.32,66.2,4.7
sakakah,0.0,SA,1970-01-01 00:00:01.594945751,11.0,29.97,40.21,89.6,5.82
camacha,20.0,PT,1970-01-01 00:00:01.594945751,83.0,33.08,-16.33,69.8,5.82
mpraeso,44.0,GH,1970-01-01 00:00:01.594945751,100.0,6.59,-0.73,67.37,2.21
barranca,25.0,PE,1970-01-01 00:00:01.594945752,87.0,-10.75,-77.77,59.13,5.91
goundi,100.0,TD,1970-01-01 00:00:01.594945752,96.0,9.36,17.37,71.15,2.48
biryusinsk,94.0,RU,1970-01-01 00:00:01.594945752,95.0,55.96,97.82,56.32,11.95
indianola,20.0,US,1970-01-01 00:00:01.594945752,54.0,41.36,-93.56,84.0,8.05
olinda,40.0,BR,1970-01-01 00:00:01.594945554,69.0,-8.01,-34.86,78.8,10.29
tuxpan,75.0,MX,1970-01-01 00:00:01.594945753,58.0,19.55,-103.4,86.0,6.93
tiksi,28.0,RU,1970-01-01 00:00:01.594945753,82.0,71.69,128.87,38.8,22.32
stornoway,100.0,GB,1970-01-01 00:00:01.594945753,87.0,58.21,-6.39,54.0,8.05
scarborough,87.0,GB,1970-01-01 00:00:01.594945754,89.0,54.28,-0.4,60.01,1.01
petropavlovsk-kamchatskiy,40.0,RU,1970-01-01 00:00:01.594945754,88.0,53.05,158.65,62.6,6.71
darbhanga,66.0,IN,1970-01-01 00:00:01.594945687,80.0,26.17,85.9,83.08,7.29
garden city,90.0,US,1970-01-01 00:00:01.594945754,78.0,42.33,-83.33,78.01,10.29
sinnar,99.0,SD,1970-01-01 00:00:01.594945755,62.0,13.57,33.57,81.1,17.92
piracuruca,15.0,BR,1970-01-01 00:00:01.594945755,60.0,-3.93,-41.71,76.17,1.72
voh,18.0,NC,1970-01-01 00:00:01.594945755,45.0,-20.97,164.7,72.64,6.13
mareeba,23.0,AU,1970-01-01 00:00:01.594945756,43.0,-17.0,145.43,71.6,9.17
inhambane,30.0,MZ,1970-01-01 00:00:01.594945756,73.0,-23.86,35.38,64.0,11.12
sumter,40.0,US,1970-01-01 00:00:01.594945660,81.0,28.71,-82.08,87.01,1.99
tukums,99.0,LV,1970-01-01 00:00:01.594945756,93.0,56.97,23.16,53.6,4.03
peleduy,67.0,RU,1970-01-01 00:00:01.594945756,80.0,59.63,112.74,57.67,6.53
vestmannaeyjar,75.0,IS,1970-01-01 00:00:01.594945757,93.0,63.44,-20.27,50.0,11.41
atherton,27.0,GB,1970-01-01 00:00:01.594945757,83.0,53.52,-2.49,64.0,1.99
port elizabeth,14.0,ZA,1970-01-01 00:00:01.594945751,100.0,-33.92,25.57,42.8,4.7
leeton,90.0,AU,1970-01-01 00:00:01.594945757,100.0,-34.57,146.4,39.2,3.36
rocha,59.0,UY,1970-01-01 00:00:01.594945758,89.0,-34.48,-54.33,44.71,5.97
bud,90.0,US,1970-01-01 00:00:01.594945758,78.0,39.45,-86.18,77.0,6.51
caravelas,68.0,BR,1970-01-01 00:00:01.594945758,73.0,-17.71,-39.25,72.37,10.83
neuenhagen,36.0,DE,1970-01-01 00:00:01.594945759,94.0,52.53,13.69,62.01,5.79
melo,71.0,UY,1970-01-01 00:00:01.594945759,94.0,-32.37,-54.18,45.48,5.73
ahipara,100.0,NZ,1970-01-01 00:00:01.594945759,87.0,-35.17,173.17,60.71,10.31
ajaccio,5.0,FR,1970-01-01 00:00:01.594945759,82.0,42.0,8.92,66.2,5.82
zheshart,61.0,RU,1970-01-01 00:00:01.594945759,96.0,62.07,49.57,60.48,3.56
nanortalik,25.0,GL,1970-01-01 00:00:01.594945760,62.0,60.14,-45.24,49.12,10.49
panaba,62.0,MX,1970-01-01 00:00:01.594945760,82.0,21.28,-88.27,81.77,13.96
lavrentiya,99.0,RU,1970-01-01 00:00:01.594945516,76.0,65.58,-171.0,51.71,3.87
fukue,20.0,JP,1970-01-01 00:00:01.594945760,78.0,32.69,128.84,77.0,8.05
esperance,75.0,AU,1970-01-01 00:00:01.594945752,100.0,-33.87,121.9,57.2,14.99
yahotyn,89.0,UA,1970-01-01 00:00:01.594945761,87.0,50.28,31.76,53.6,4.81
saint-ambroise,90.0,CA,1970-01-01 00:00:01.594945761,59.0,48.55,-71.33,69.01,17.22
hun,0.0,LY,1970-01-01 00:00:01.594945761,25.0,29.13,15.95,85.53,9.26
kayerkan,75.0,RU,1970-01-01 00:00:01.594945762,87.0,69.35,87.76,50.0,17.9
veselynove,47.0,UA,1970-01-01 00:00:01.594945762,69.0,47.36,31.23,65.01,8.68
filadelfia,75.0,US,1970-01-01 00:00:01.594945507,69.0,39.95,-75.16,75.0,12.75
menongue,0.0,AO,1970-01-01 00:00:01.594945762,51.0,-14.66,17.69,48.85,7.34
slovenska bistrica,100.0,SI,1970-01-01 00:00:01.594945762,93.0,46.39,15.57,61.0,3.36
nantucket,20.0,US,1970-01-01 00:00:01.594945763,82.0,41.28,-70.1,63.0,4.7
kungurtug,71.0,RU,1970-01-01 00:00:01.594945763,55.0,50.6,97.52,51.98,0.74
todos santos,1.0,MX,1970-01-01 00:00:01.594945763,74.0,23.45,-110.22,82.0,3.0
khandyga,29.0,RU,1970-01-01 00:00:01.594945763,40.0,62.67,135.6,77.77,2.13
nuevitas,47.0,CU,1970-01-01 00:00:01.594945764,70.0,21.55,-77.26,84.2,14.99
mangrol,92.0,IN,1970-01-01 00:00:01.594945764,81.0,21.12,70.12,82.04,3.0
sisimiut,56.0,GL,1970-01-01 00:00:01.594945553,76.0,66.94,-53.67,48.51,1.39
san felipe,88.0,VE,1970-01-01 00:00:01.594945764,90.0,10.34,-68.74,73.51,1.43
samur,2.0,RU,1970-01-01 00:00:01.594945764,61.0,41.83,48.49,74.25,4.94
bose,39.0,IT,1970-01-01 00:00:01.594945765,64.0,45.46,8.01,68.0,5.99
mehamn,82.0,NO,1970-01-01 00:00:01.594945765,82.0,71.04,27.85,52.54,1.95
sharjah,1.0,AE,1970-01-01 00:00:01.594945537,46.0,25.36,55.4,96.8,5.82
kenai,90.0,US,1970-01-01 00:00:01.594945761,67.0,60.55,-151.26,68.0,13.87
chernyshevskiy,33.0,RU,1970-01-01 00:00:01.594945765,68.0,63.01,112.47,60.08,8.03
kongolo,75.0,CD,1970-01-01 00:00:01.594945766,42.0,-5.38,27.0,70.47,5.41
bubaque,100.0,GW,1970-01-01 00:00:01.594945766,84.0,11.28,-15.83,79.84,24.76
mindelo,75.0,CV,1970-01-01 00:00:01.594945766,69.0,16.89,-24.98,77.0,10.29
yuci,40.0,CN,1970-01-01 00:00:01.594945766,78.0,37.68,112.73,71.6,4.47
cockburn town,60.0,TC,1970-01-01 00:00:01.594945766,79.0,21.46,-71.14,82.56,16.82
ostrovnoy,0.0,RU,1970-01-01 00:00:01.594945767,70.0,68.05,39.51,47.43,5.32
los llanos de aridane,3.0,ES,1970-01-01 00:00:01.594945767,78.0,28.66,-17.92,71.6,10.29
kangavar,0.0,IR,1970-01-01 00:00:01.594945767,59.0,34.5,47.97,62.87,2.77
kokkola,20.0,FI,1970-01-01 00:00:01.594945768,93.0,63.84,23.13,59.0,1.12
altay,9.0,CN,1970-01-01 00:00:01.594945768,41.0,47.87,88.12,70.61,7.02
carnarvon,75.0,AU,1970-01-01 00:00:01.594945588,100.0,-24.87,113.63,62.6,12.75
takoradi,84.0,GH,1970-01-01 00:00:01.594945768,90.0,4.88,-1.76,73.76,6.06
te anau,37.0,NZ,1970-01-01 00:00:01.594945769,68.0,-45.42,167.72,40.53,1.12
pacific grove,1.0,US,1970-01-01 00:00:01.594945762,68.0,36.62,-121.92,70.0,14.99
kuusamo,0.0,FI,1970-01-01 00:00:01.594945769,87.0,65.97,29.18,48.2,3.36
jijiga,100.0,ET,1970-01-01 00:00:01.594945769,71.0,9.35,42.8,61.27,17.9
west des moines,20.0,US,1970-01-01 00:00:01.594945769,54.0,41.57,-93.75,84.0,8.05
grand gaube,1.0,MU,1970-01-01 00:00:01.594945770,81.0,-20.01,57.66,66.0,3.0
samarina,8.0,RU,1970-01-01 00:00:01.594945770,93.0,57.89,27.81,48.2,2.24
kalabo,0.0,ZM,1970-01-01 00:00:01.594945770,63.0,-14.97,22.68,52.3,8.19
batagay-alyta,99.0,RU,1970-01-01 00:00:01.594945770,80.0,67.8,130.41,46.8,3.09
marsa matruh,40.0,EG,1970-01-01 00:00:01.594945771,78.0,31.35,27.25,75.2,12.75
mogadishu,100.0,SO,1970-01-01 00:00:01.594945771,77.0,2.04,45.34,77.16,20.58
alugan,36.0,PH,1970-01-01 00:00:01.594945771,70.0,12.22,125.48,85.33,7.16
pa sang,20.0,TH,1970-01-01 00:00:01.594945771,74.0,18.53,98.94,82.4,2.24
warrnambool,0.0,AU,1970-01-01 00:00:01.594945578,97.0,-38.38,142.48,39.0,4.0
port augusta,0.0,AU,1970-01-01 00:00:01.594945772,62.0,-32.5,137.77,55.4,6.93
oda,75.0,JP,1970-01-01 00:00:01.594945772,78.0,35.18,132.5,77.0,12.75
kaitong,59.0,CN,1970-01-01 00:00:01.594945772,63.0,44.81,123.15,80.13,15.39
topeka,1.0,US,1970-01-01 00:00:01.594945540,69.0,39.05,-95.68,84.2,8.05
havoysund,92.0,NO,1970-01-01 00:00:01.594945772,76.0,71.0,24.66,55.4,3.36
kirakira,11.0,SB,1970-01-01 00:00:01.594945773,63.0,-10.45,161.92,85.3,5.03
princeton,20.0,US,1970-01-01 00:00:01.594945773,70.0,25.54,-80.41,86.0,10.29
kathu,20.0,TH,1970-01-01 00:00:01.594945773,94.0,7.92,98.33,84.0,2.24
iskateley,47.0,RU,1970-01-01 00:00:01.594945773,85.0,67.68,53.15,45.0,8.48
kosmynino,90.0,RU,1970-01-01 00:00:01.594945774,100.0,57.58,40.76,59.0,6.71
marquette,2.0,US,1970-01-01 00:00:01.594945774,48.0,46.53,-87.63,79.0,4.0
witu,72.0,KE,1970-01-01 00:00:01.594945774,68.0,-2.39,40.44,75.72,15.86
ugoofaaru,100.0,MV,1970-01-01 00:00:01.594945774,77.0,5.67,73.0,83.93,11.81
sinop,96.0,TR,1970-01-01 00:00:01.594945774,91.0,41.77,34.87,63.3,2.48
san policarpo,33.0,PH,1970-01-01 00:00:01.594945771,70.0,12.18,125.51,85.42,7.47
kaitangata,8.0,NZ,1970-01-01 00:00:01.594945775,58.0,-46.28,169.85,46.0,11.01
grand-santi,100.0,GF,1970-01-01 00:00:01.594945775,88.0,4.25,-54.38,75.2,3.44
teguldet,27.0,RU,1970-01-01 00:00:01.594945775,85.0,57.31,88.17,55.38,6.62
kulhudhuffushi,98.0,MV,1970-01-01 00:00:01.594945776,76.0,6.62,73.07,84.38,14.7
bandarbeyla,45.0,SO,1970-01-01 00:00:01.594945776,57.0,9.49,50.81,82.31,26.22
portland,20.0,US,1970-01-01 00:00:01.594945759,47.0,45.52,-122.68,84.99,13.87
severka,20.0,RU,1970-01-01 00:00:01.594945776,72.0,56.87,60.3,66.2,4.47
delta del tigre,3.0,UY,1970-01-01 00:00:01.594945776,70.0,-34.76,-56.39,48.2,8.05
lajedo,44.0,BR,1970-01-01 00:00:01.594945777,96.0,-8.66,-36.32,62.74,9.75
pleasant point,94.0,NZ,1970-01-01 00:00:01.594945777,82.0,-44.27,171.13,43.0,4.0
luau,7.0,AO,1970-01-01 00:00:01.594945777,45.0,-10.71,22.22,59.67,9.19
bambanglipuro,2.0,ID,1970-01-01 00:00:01.594945777,86.0,-7.95,110.28,75.72,3.96
korla,0.0,CN,1970-01-01 00:00:01.594945778,79.0,41.76,86.15,73.99,3.0
ojinaga,1.0,MX,1970-01-01 00:00:01.594945778,16.0,29.57,-104.42,102.2,12.75
mahibadhoo,100.0,MV,1970-01-01 00:00:01.594945778,75.0,3.78,72.97,83.89,6.53
touros,90.0,BR,1970-01-01 00:00:01.594945778,100.0,-5.2,-35.46,71.6,9.17
moram,98.0,IN,1970-01-01 00:00:01.594945778,90.0,17.8,76.47,70.09,13.27
haapiti,20.0,PF,1970-01-01 00:00:01.594945779,69.0,-17.57,-149.87,82.4,10.29
tilichiki,100.0,RU,1970-01-01 00:00:01.594945779,97.0,60.47,166.1,51.89,1.45
puerto colombia,40.0,CO,1970-01-01 00:00:01.594945779,83.0,10.99,-74.95,82.4,10.29
suntar,100.0,RU,1970-01-01 00:00:01.594945779,95.0,62.14,117.63,55.83,4.43
vila velha,75.0,BR,1970-01-01 00:00:01.594945780,88.0,-20.33,-40.29,66.2,2.24
kushmurun,0.0,KZ,1970-01-01 00:00:01.594945780,58.0,52.45,64.63,67.53,8.01
mizdah,1.0,LY,1970-01-01 00:00:01.594945780,51.0,31.45,12.98,75.24,5.23
fort oglethorpe,40.0,US,1970-01-01 00:00:01.594945581,46.0,34.95,-85.26,93.2,5.82
adrar,9.0,MR,1970-01-01 00:00:01.594945780,28.0,20.5,-10.07,89.44,10.74
berezovka,3.0,BY,1970-01-01 00:00:01.594945781,91.0,53.72,25.5,55.89,4.21
nishihara,75.0,JP,1970-01-01 00:00:01.594945751,94.0,26.18,127.76,77.0,4.7
bengkulu,72.0,ID,1970-01-01 00:00:01.594945781,87.0,-3.8,102.27,76.66,4.9
bahar,0.0,IR,1970-01-01 00:00:01.594945781,57.0,34.91,48.44,61.32,5.19
pangkalanbuun,32.0,ID,1970-01-01 00:00:01.594945781,93.0,-2.68,111.62,76.12,3.02
diamantino,0.0,BR,1970-01-01 00:00:01.594945782,29.0,-14.41,-56.45,75.36,4.09
kefamenanu,51.0,ID,1970-01-01 00:00:01.594945782,79.0,-9.45,124.48,73.13,3.74
vao,56.0,NC,1970-01-01 00:00:01.594945782,64.0,-22.67,167.48,69.17,15.28
bathsheba,40.0,BB,1970-01-01 00:00:01.594945782,69.0,13.22,-59.52,82.4,18.34
mount isa,1.0,AU,1970-01-01 00:00:01.594945783,23.0,-20.73,139.5,64.4,14.99
valkeala,0.0,FI,1970-01-01 00:00:01.594945783,93.0,60.94,26.8,55.4,4.7
luderitz,0.0,NA,1970-01-01 00:00:01.594945783,13.0,-26.65,15.16,77.0,27.51
kokopo,21.0,PG,1970-01-01 00:00:01.594945783,69.0,-4.35,152.26,83.59,3.85
bilibino,100.0,RU,1970-01-01 00:00:01.594945527,86.0,68.05,166.44,47.32,0.56
jibuti,40.0,DJ,1970-01-01 00:00:01.594945784,34.0,11.5,42.5,93.2,6.93
vikhorevka,75.0,RU,1970-01-01 00:00:01.594945784,93.0,56.12,101.16,51.8,11.18
charlestown,95.0,AU,1970-01-01 00:00:01.594945784,78.0,-32.95,151.67,57.99,1.99
acapulco,75.0,MX,1970-01-01 00:00:01.594945628,74.0,16.86,-99.89,86.0,2.24
nyurba,99.0,RU,1970-01-01 00:00:01.594945785,96.0,63.28,118.33,57.24,5.3
champerico,75.0,GT,1970-01-01 00:00:01.594945785,70.0,14.3,-91.92,87.8,6.93
the valley,40.0,AI,1970-01-01 00:00:01.594945727,78.0,18.22,-63.06,82.4,9.17
hailar,77.0,CN,1970-01-01 00:00:01.594945785,80.0,49.2,119.7,71.02,3.6
bitung,20.0,ID,1970-01-01 00:00:01.594945785,88.0,1.45,125.18,80.6,2.24
pine bluff,1.0,US,1970-01-01 00:00:01.594945786,70.0,34.23,-92.0,89.6,6.93
toyooka,75.0,JP,1970-01-01 00:00:01.594945786,88.0,35.53,134.83,73.4,3.36
changji,0.0,CN,1970-01-01 00:00:01.594945786,36.0,44.02,87.32,78.8,8.95
port said,20.0,EG,1970-01-01 00:00:01.594945786,78.0,31.26,32.28,77.0,13.87
huarmey,8.0,PE,1970-01-01 00:00:01.594945786,82.0,-10.07,-78.15,61.23,6.55
kontagora,83.0,NG,1970-01-01 00:00:01.594945787,97.0,10.4,5.47,70.27,3.74
alcaniz,66.0,ES,1970-01-01 00:00:01.594945787,66.0,41.05,-0.13,64.0,12.21
mahon,0.0,ES,1970-01-01 00:00:01.594945787,82.0,39.89,4.27,66.2,6.2
vaitape,84.0,PF,1970-01-01 00:00:01.594945566,84.0,-16.52,-151.75,77.63,16.26
constitucion,100.0,CL,1970-01-01 00:00:01.594945751,87.0,-35.33,-72.42,52.39,8.14
storm lake,1.0,US,1970-01-01 00:00:01.594945788,61.0,42.64,-95.21,82.4,6.93
lompoc,8.0,US,1970-01-01 00:00:01.594945772,64.0,34.64,-120.46,68.0,11.41
fomboni,35.0,KM,1970-01-01 00:00:01.594945788,77.0,-12.28,43.74,75.65,25.57
ingham,1.0,US,1970-01-01 00:00:01.594945788,94.0,42.6,-84.38,77.0,5.86
victoria,95.0,HK,1970-01-01 00:00:01.594945783,86.0,22.29,114.16,84.0,12.15
yelizovo,40.0,RU,1970-01-01 00:00:01.594945789,88.0,53.19,158.38,62.6,6.71
myitkyina,100.0,MM,1970-01-01 00:00:01.594945789,97.0,25.38,97.4,75.04,1.03
muisne,75.0,EC,1970-01-01 00:00:01.594945789,85.0,0.6,-80.03,76.17,4.94
carlisle,93.0,US,1970-01-01 00:00:01.594945789,90.0,40.2,-77.19,75.99,11.56
santiago del estero,0.0,AR,1970-01-01 00:00:01.594945790,63.0,-27.8,-64.26,55.53,1.43
komsomolskiy,20.0,UZ,1970-01-01 00:00:01.594945790,36.0,40.43,71.72,77.0,2.24
worland,1.0,US,1970-01-01 00:00:01.594945790,10.0,44.02,-107.96,93.99,6.93
ritchie,0.0,ZA,1970-01-01 00:00:01.594945790,50.0,-29.04,24.6,28.4,3.51
benjamin hill,10.0,MX,1970-01-01 00:00:01.594945791,43.0,30.17,-111.1,96.01,10.0
santa cruz,20.0,BO,1970-01-01 00:00:01.594945791,83.0,-17.8,-63.17,73.4,5.82
ostersund,11.0,SE,1970-01-01 00:00:01.594945791,72.0,63.18,14.64,60.8,11.41
imeni poliny osipenko,99.0,RU,1970-01-01 00:00:01.594945791,90.0,52.42,136.49,67.3,9.17
montevideo,1.0,UY,1970-01-01 00:00:01.594945620,70.0,-34.83,-56.17,48.2,8.05
madimba,65.0,TZ,1970-01-01 00:00:01.594945791,57.0,-10.4,40.33,69.64,18.54
ocos,40.0,GT,1970-01-01 00:00:01.594945792,74.0,14.51,-92.19,87.8,5.82
praxedis guerrero,75.0,MX,1970-01-01 00:00:01.594945792,14.0,31.37,-106.02,100.4,5.82
flinders,43.0,AU,1970-01-01 00:00:01.594945792,69.0,-34.58,150.86,57.99,7.0
cabo san lucas,5.0,MX,1970-01-01 00:00:01.594945518,42.0,22.89,-109.91,88.0,9.17
oktyabrskiy,84.0,RU,1970-01-01 00:00:01.594945752,91.0,54.48,53.47,61.5,2.55
bilokurakyne,84.0,UA,1970-01-01 00:00:01.594945793,85.0,49.53,38.73,60.3,3.58
porto santo,20.0,PT,1970-01-01 00:00:01.594945793,83.0,33.07,-16.34,69.8,5.82
rawson,98.0,AR,1970-01-01 00:00:01.594945793,78.0,-43.3,-65.1,44.33,7.74
pocone,0.0,BR,1970-01-01 00:00:01.594945793,29.0,-16.26,-56.62,75.81,3.15
red bluff,1.0,US,1970-01-01 00:00:01.594945657,27.0,40.18,-122.24,102.0,17.22
ventspils,87.0,LV,1970-01-01 00:00:01.594945794,100.0,57.39,21.56,55.4,3.36
omboue,100.0,GA,1970-01-01 00:00:01.594945794,90.0,-1.57,9.26,72.28,3.83
vannes,13.0,FR,1970-01-01 00:00:01.594945794,93.0,47.83,-2.5,59.0,8.05
kruisfontein,17.0,ZA,1970-01-01 00:00:01.594945795,51.0,-34.0,24.73,47.23,4.47
evansville,1.0,US,1970-01-01 00:00:01.594945313,69.0,37.97,-87.56,84.0,4.7
katete,76.0,UG,1970-01-01 00:00:01.594945795,73.0,-0.78,29.75,61.39,2.44
foundiougne,40.0,SN,1970-01-01 00:00:01.594945796,83.0,14.13,-16.47,82.4,4.7
kupang,20.0,ID,1970-01-01 00:00:01.594945796,58.0,-10.17,123.58,82.4,18.34
kaabong,89.0,UG,1970-01-01 00:00:01.594945796,77.0,3.48,34.15,62.64,5.46
seidu,100.0,SL,1970-01-01 00:00:01.594945796,100.0,9.02,-10.6,66.4,4.0
bourail,9.0,NC,1970-01-01 00:00:01.594945504,48.0,-21.57,165.48,71.26,8.39
vila franca do campo,75.0,PT,1970-01-01 00:00:01.594945797,82.0,37.72,-25.43,68.0,5.82
tsiroanomandidy,76.0,MG,1970-01-01 00:00:01.594945797,66.0,-18.77,46.03,58.12,2.95
taonan,41.0,CN,1970-01-01 00:00:01.594945754,60.0,45.33,122.78,81.1,12.88
lata,0.0,PT,1970-01-01 00:00:01.594945761,55.0,40.16,-8.33,75.0,3.13
rio gallegos,75.0,AR,1970-01-01 00:00:01.594945798,85.0,-51.62,-69.22,17.6,1.12
patur,88.0,IN,1970-01-01 00:00:01.594945798,84.0,20.45,76.93,75.88,10.76
mollendo,87.0,PE,1970-01-01 00:00:01.594945798,79.0,-17.02,-72.01,59.99,1.52
biak,10.0,ID,1970-01-01 00:00:01.594945517,78.0,-0.91,122.88,78.67,2.51
zhangjiakou,100.0,CN,1970-01-01 00:00:01.594945798,86.0,40.81,114.88,67.91,2.21
capinopolis,4.0,BR,1970-01-01 00:00:01.594945799,49.0,-18.68,-49.57,71.01,7.36
boende,94.0,CD,1970-01-01 00:00:01.594945799,89.0,-0.22,20.87,72.59,1.32
camargo,45.0,MX,1970-01-01 00:00:01.594945800,22.0,27.67,-105.17,94.05,10.38
arman,100.0,RU,1970-01-01 00:00:01.594945800,87.0,59.7,150.17,54.64,4.32
broome,90.0,US,1970-01-01 00:00:01.594945800,77.0,42.25,-75.83,73.0,14.99
viedma,100.0,AR,1970-01-01 00:00:01.594945801,93.0,-40.81,-63.0,44.01,6.49
luwuk,0.0,ID,1970-01-01 00:00:01.594945801,71.0,-0.95,122.79,82.11,2.75
mnogovershinnyy,100.0,RU,1970-01-01 00:00:01.594945801,90.0,53.94,139.92,62.13,4.97
fortuna,40.0,US,1970-01-01 00:00:01.594945507,77.0,40.6,-124.16,62.6,14.99
yamada,100.0,JP,1970-01-01 00:00:01.594945802,71.0,39.47,141.95,70.92,4.99
bintulu,20.0,MY,1970-01-01 00:00:01.594945803,94.0,3.17,113.03,77.0,2.04
banda aceh,10.0,ID,1970-01-01 00:00:01.594945803,81.0,5.56,95.32,80.78,6.15
honiara,20.0,SB,1970-01-01 00:00:01.594945591,58.0,-9.43,159.95,87.8,6.93
sao joao da barra,100.0,BR,1970-01-01 00:00:01.594945804,69.0,-21.64,-41.05,68.18,5.53
yaan,100.0,NG,1970-01-01 00:00:01.594945804,97.0,7.38,8.57,71.19,8.39
casper,1.0,US,1970-01-01 00:00:01.594945508,9.0,42.87,-106.31,91.99,9.17
adre,71.0,TD,1970-01-01 00:00:01.594945805,77.0,13.47,22.2,75.45,7.14
morro bay,16.0,US,1970-01-01 00:00:01.594945792,78.0,35.37,-120.85,75.0,8.99
bambous virieux,75.0,MU,1970-01-01 00:00:01.594945805,83.0,-20.34,57.76,69.8,5.82
lumut,20.0,MY,1970-01-01 00:00:01.594945806,94.0,4.23,100.63,75.2,1.12
krasnovishersk,85.0,RU,1970-01-01 00:00:01.594945806,95.0,60.41,57.08,63.48,5.7
ucluelet,75.0,CA,1970-01-01 00:00:01.594945695,82.0,48.93,-125.55,64.4,12.75
lively,40.0,CA,1970-01-01 00:00:01.594945807,78.0,46.43,-81.15,72.0,8.05
fort wellington,100.0,GY,1970-01-01 00:00:01.594945807,83.0,6.4,-57.6,79.05,7.25
margate,100.0,GB,1970-01-01 00:00:01.594945807,77.0,51.38,1.39,64.99,1.01
prieska,0.0,ZA,1970-01-01 00:00:01.594945807,50.0,-29.66,22.75,41.56,2.98
oranjestad,20.0,AW,1970-01-01 00:00:01.594945727,79.0,12.52,-70.03,84.2,23.04
reconquista,6.0,AR,1970-01-01 00:00:01.594945808,95.0,-29.15,-59.65,53.24,5.91
imeni babushkina,51.0,RU,1970-01-01 00:00:01.594945808,96.0,59.76,43.13,54.12,4.5
praia da vitoria,75.0,PT,1970-01-01 00:00:01.594945808,82.0,38.73,-27.07,68.0,11.12
santa fe,0.0,AR,1970-01-01 00:00:01.594945753,74.0,-31.63,-60.7,57.0,7.36
guerrero negro,0.0,MX,1970-01-01 00:00:01.594945515,57.0,27.98,-114.06,75.54,18.61
nurota,0.0,UZ,1970-01-01 00:00:01.594945543,17.0,40.56,65.69,95.0,9.17
mukhen,8.0,RU,1970-01-01 00:00:01.594945809,63.0,48.1,136.1,81.46,7.65
armizonskoye,0.0,RU,1970-01-01 00:00:01.594945810,73.0,55.95,67.67,69.24,4.43
staunton,40.0,US,1970-01-01 00:00:01.594945810,74.0,38.15,-79.07,79.0,3.36
dunedin,28.0,NZ,1970-01-01 00:00:01.594945607,68.0,-45.87,170.5,43.0,40.0
portree,100.0,GB,1970-01-01 00:00:01.594945810,94.0,57.41,-6.19,52.0,1.99
mishan,0.0,CN,1970-01-01 00:00:01.594945811,72.0,45.55,131.88,78.58,4.63
galitsy,75.0,RU,1970-01-01 00:00:01.594945811,87.0,56.18,42.85,59.0,6.71
whitehorse,75.0,CA,1970-01-01 00:00:01.594945811,63.0,60.72,-135.05,64.99,6.93
camabatela,0.0,AO,1970-01-01 00:00:01.594945811,40.0,-8.19,15.38,58.68,3.13
nacozari,2.0,MX,1970-01-01 00:00:01.594945812,65.0,25.34,-108.26,91.99,10.0
liwale,0.0,TZ,1970-01-01 00:00:01.594945812,59.0,-9.77,37.93,61.29,14.07
athabasca,91.0,CA,1970-01-01 00:00:01.594945789,78.0,54.72,-113.29,68.4,5.5
najran,40.0,SA,1970-01-01 00:00:01.594945549,42.0,17.49,44.13,86.0,23.04
payo,7.0,ID,1970-01-01 00:00:01.594945813,80.0,-3.75,103.64,78.66,1.86
walvis bay,0.0,NA,1970-01-01 00:00:01.594945813,14.0,-22.96,14.51,73.99,20.8
klaksvik,62.0,FO,1970-01-01 00:00:01.594945813,93.0,62.23,-6.59,50.0,16.11
soyo,93.0,AO,1970-01-01 00:00:01.594945813,88.0,-6.13,12.37,72.54,4.94
mastic beach,14.0,US,1970-01-01 00:00:01.594945813,76.0,40.77,-72.85,68.0,11.68
amahai,100.0,ID,1970-01-01 00:00:01.594945814,80.0,-3.33,128.92,80.26,1.03
urengoy,0.0,RU,1970-01-01 00:00:01.594945814,73.0,65.97,78.37,50.95,12.64
cullera,100.0,ES,1970-01-01 00:00:01.594945814,79.0,39.17,-0.25,75.99,1.97
borgarnes,90.0,IS,1970-01-01 00:00:01.594945814,76.0,64.54,-21.92,51.8,13.87
morondava,0.0,MG,1970-01-01 00:00:01.594945815,59.0,-20.28,44.28,69.04,18.21
fuling,98.0,CN,1970-01-01 00:00:01.594945665,91.0,29.7,107.39,76.12,1.14
villefranche-de-rouergue,90.0,FR,1970-01-01 00:00:01.594945815,82.0,44.33,2.0,66.99,8.05
datia,0.0,IN,1970-01-01 00:00:01.594945815,59.0,25.67,78.47,87.66,4.59
ancud,90.0,CL,1970-01-01 00:00:01.594945815,100.0,-41.87,-73.82,51.01,9.17
escobal,100.0,PA,1970-01-01 00:00:01.594945816,66.0,9.15,-79.96,84.0,8.99
asau,10.0,RO,1970-01-01 00:00:01.594945816,94.0,46.43,26.4,54.0,4.92
kant,71.0,IN,1970-01-01 00:00:01.594945816,62.0,27.8,79.8,88.29,9.86
ngunguru,100.0,NZ,1970-01-01 00:00:01.594945816,3.0,-35.62,174.5,60.01,3.0
cassilandia,0.0,BR,1970-01-01 00:00:01.594945817,42.0,-19.11,-51.73,70.27,3.06
vostok,88.0,RU,1970-01-01 00:00:01.594945817,54.0,46.49,135.88,77.31,3.53
bujanovac,0.0,RS,1970-01-01 00:00:01.594945817,88.0,42.46,21.77,63.0,2.98
sanmenxia,100.0,CN,1970-01-01 00:00:01.594945817,69.0,34.77,111.18,73.87,8.66
qarqin,77.0,AF,1970-01-01 00:00:01.594945817,15.0,37.42,66.04,85.62,8.43
atakpame,98.0,TG,1970-01-01 00:00:01.594945818,87.0,7.53,1.13,70.93,0.69
mandera,100.0,KE,1970-01-01 00:00:01.594945818,58.0,3.94,41.87,76.37,16.42
faya,44.0,SA,1970-01-01 00:00:01.594945530,52.0,18.39,42.45,69.8,4.7
kesinga,91.0,IN,1970-01-01 00:00:01.594945818,82.0,20.2,83.23,79.57,7.29
daitari,88.0,IN,1970-01-01 00:00:01.594945819,92.0,21.1,85.75,77.13,3.47
ambon,75.0,ID,1970-01-01 00:00:01.594945819,83.0,-3.7,128.18,82.0,6.93
arys,0.0,KZ,1970-01-01 00:00:01.594945819,34.0,42.43,68.8,78.8,8.95
zhigansk,10.0,RU,1970-01-01 00:00:01.594945819,52.0,66.77,123.37,67.01,10.83
poya,16.0,NC,1970-01-01 00:00:01.594945820,46.0,-21.35,165.15,72.84,9.82
clyde river,40.0,CA,1970-01-01 00:00:01.594945820,76.0,70.47,-68.59,50.0,12.75
quatre cocos,75.0,MU,1970-01-01 00:00:01.594945523,83.0,-20.21,57.76,69.8,5.82
putina,1.0,PE,1970-01-01 00:00:01.594945821,79.0,-15.47,-69.43,43.68,9.1
kavaratti,100.0,IN,1970-01-01 00:00:01.594945821,80.0,10.57,72.64,83.25,19.82
kjollefjord,53.0,NO,1970-01-01 00:00:01.594945821,81.0,70.95,27.35,52.81,1.28
zhangye,89.0,CN,1970-01-01 00:00:01.594945821,30.0,38.93,100.45,76.44,3.53
leh,13.0,IN,1970-01-01 00:00:01.594945754,46.0,34.17,77.58,57.83,4.59
norman wells,75.0,CA,1970-01-01 00:00:01.594945822,77.0,65.28,-126.83,66.2,14.99
namanga,92.0,KE,1970-01-01 00:00:01.594945822,64.0,-2.54,36.79,58.71,13.69
thinadhoo,100.0,MV,1970-01-01 00:00:01.594945822,69.0,0.53,72.93,84.2,6.96
mayor pablo lagerenza,98.0,PY,1970-01-01 00:00:01.594945822,48.0,-19.93,-60.77,80.19,3.94
puerto leguizamo,70.0,CO,1970-01-01 00:00:01.594945823,82.0,-0.19,-74.78,73.13,1.07
azacualpa,40.0,HN,1970-01-01 00:00:01.594945823,79.0,15.34,-88.55,84.99,4.7
obihiro,75.0,JP,1970-01-01 00:00:01.594945823,87.0,42.92,143.2,60.8,2.24
rivera,100.0,UY,1970-01-01 00:00:01.594945824,95.0,-30.91,-55.55,47.52,7.56
ponta do sol,20.0,PT,1970-01-01 00:00:01.594945824,77.0,32.67,-17.1,68.0,3.36
ulaanbaatar,40.0,MN,1970-01-01 00:00:01.594945824,71.0,47.91,106.88,51.8,11.18
birao,62.0,CF,1970-01-01 00:00:01.594945824,96.0,10.28,22.79,69.93,3.38
bolivar,83.0,US,1970-01-01 00:00:01.594945825,62.0,37.61,-93.41,91.0,5.55
halifax,71.0,CA,1970-01-01 00:00:01.594945532,85.0,44.65,-63.57,61.0,3.44
saint cloud,40.0,US,1970-01-01 00:00:01.594945702,54.0,45.56,-94.16,84.0,11.41
bangassou,100.0,CF,1970-01-01 00:00:01.594945825,96.0,4.74,22.82,69.17,2.19
roanoke rapids,1.0,US,1970-01-01 00:00:01.594945825,55.0,36.46,-77.65,86.0,6.93
maralal,100.0,KE,1970-01-01 00:00:01.594945826,91.0,1.1,36.7,56.75,1.07
yeppoon,0.0,AU,1970-01-01 00:00:01.594945826,31.0,-23.13,150.73,64.4,2.24
seoul,1.0,KR,1970-01-01 00:00:01.594945568,69.0,37.57,126.98,78.8,4.7
sao felix do xingu,0.0,BR,1970-01-01 00:00:01.594945827,62.0,-6.64,-51.99,75.24,1.7
deputatskiy,76.0,RU,1970-01-01 00:00:01.594945827,62.0,69.3,139.9,46.02,5.23
awjilah,0.0,LY,1970-01-01 00:00:01.594945827,44.0,29.11,21.29,78.46,6.76
broken hill,0.0,AU,1970-01-01 00:00:01.594945748,57.0,-31.95,141.43,50.0,8.05
adelaide,0.0,AU,1970-01-01 00:00:01.594945568,58.0,-34.93,138.6,59.0,10.29
pronsk,91.0,RU,1970-01-01 00:00:01.594945828,94.0,54.1,39.61,53.04,7.74
palmer,75.0,US,1970-01-01 00:00:01.594945828,64.0,42.16,-72.33,71.6,6.93
tuy hoa,0.0,VN,1970-01-01 00:00:01.594945828,71.0,13.08,109.3,84.16,4.68
karwar,100.0,IN,1970-01-01 00:00:01.594945828,87.0,14.8,74.13,78.51,13.47
pasni,71.0,PK,1970-01-01 00:00:01.594945829,83.0,25.26,63.47,84.58,5.93
sawtell,0.0,AU,1970-01-01 00:00:01.594945829,55.0,-30.38,153.1,66.2,26.4
falakata,100.0,IN,1970-01-01 00:00:01.594945829,82.0,26.52,89.21,82.18,3.09
magadan,99.0,RU,1970-01-01 00:00:01.594945829,87.0,59.57,150.8,53.89,5.97
lasa,90.0,IT,1970-01-01 00:00:01.594945829,93.0,46.62,10.7,51.8,5.82
sukhodol,98.0,RU,1970-01-01 00:00:01.594945830,79.0,53.9,51.21,62.37,5.86
tambacounda,75.0,SN,1970-01-01 00:00:01.594945830,88.0,13.75,-13.76,78.8,6.93
samarai,98.0,PG,1970-01-01 00:00:01.594945552,86.0,-10.62,150.67,76.35,17.43
chuguyevka,26.0,RU,1970-01-01 00:00:01.594945831,48.0,44.17,133.86,83.55,1.57
kysyl-syr,100.0,RU,1970-01-01 00:00:01.594945831,68.0,63.9,122.76,65.52,5.1
arrecife,20.0,ES,1970-01-01 00:00:01.594945831,73.0,28.96,-13.55,73.4,6.93
matagami,75.0,CA,1970-01-01 00:00:01.594945831,64.0,49.75,-77.63,73.4,9.17
nelson bay,75.0,AU,1970-01-01 00:00:01.594945831,76.0,-32.72,152.15,57.2,17.22
anton lizardo,40.0,MX,1970-01-01 00:00:01.594945832,74.0,19.05,-95.98,88.0,13.87
grants pass,1.0,US,1970-01-01 00:00:01.594945572,17.0,42.44,-123.33,93.2,10.29
waipawa,95.0,NZ,1970-01-01 00:00:01.594945555,70.0,-41.41,175.52,54.0,5.99
egvekinot,77.0,RU,1970-01-01 00:00:01.594945781,74.0,66.32,-179.17,56.7,4.92
borogontsy,28.0,RU,1970-01-01 00:00:01.594945833,40.0,62.67,131.17,82.33,4.5
iralaya,40.0,HN,1970-01-01 00:00:01.594945833,74.0,15.0,-83.23,86.0,6.49
mandalgovi,55.0,MN,1970-01-01 00:00:01.594945551,71.0,45.76,106.27,49.95,21.72
rio grande,63.0,BR,1970-01-01 00:00:01.594945691,95.0,-32.03,-52.1,46.99,10.02
rodos,0.0,GR,1970-01-01 00:00:01.594945834,78.0,36.44,28.22,77.0,11.41
lodja,12.0,CD,1970-01-01 00:00:01.594945834,61.0,-3.48,23.43,70.32,1.21
raudeberg,100.0,NO,1970-01-01 00:00:01.594945753,93.0,61.99,5.14,60.01,11.41
ketchikan,90.0,US,1970-01-01 00:00:01.594945835,77.0,55.34,-131.65,62.6,10.29
port hardy,75.0,CA,1970-01-01 00:00:01.594945762,82.0,50.7,-127.42,57.2,6.93
rabo de peixe,75.0,PT,1970-01-01 00:00:01.594945835,82.0,37.8,-25.58,68.0,4.7
altona,0.0,DE,1970-01-01 00:00:01.594945835,93.0,53.55,9.93,55.0,2.24
grindavik,75.0,IS,1970-01-01 00:00:01.594945745,93.0,63.84,-22.43,48.2,21.92
havelock,65.0,US,1970-01-01 00:00:01.594945735,81.0,34.88,-76.9,82.0,1.01
hibbing,40.0,US,1970-01-01 00:00:01.594945836,64.0,47.43,-92.94,75.2,5.95
laguna,1.0,US,1970-01-01 00:00:01.594945836,33.0,38.42,-121.42,87.8,11.41
ukiah,1.0,US,1970-01-01 00:00:01.594945511,25.0,39.15,-123.21,96.8,5.82
pyu,100.0,MM,1970-01-01 00:00:01.594945837,90.0,18.48,96.43,78.4,4.88
at-bashi,48.0,KG,1970-01-01 00:00:01.594945837,47.0,41.17,75.81,61.99,2.06
kapit,73.0,MY,1970-01-01 00:00:01.594945837,88.0,2.02,112.93,77.54,0.74
marshall,40.0,US,1970-01-01 00:00:01.594945838,55.0,34.38,-86.33,88.0,4.7
paramonga,45.0,PE,1970-01-01 00:00:01.594945838,85.0,-10.67,-77.83,59.79,6.2
grasse,0.0,FR,1970-01-01 00:00:01.594945838,88.0,43.67,6.92,66.2,4.7
cedar city,1.0,US,1970-01-01 00:00:01.594945802,14.0,37.68,-113.06,87.8,11.41
aanekoski,0.0,FI,1970-01-01 00:00:01.594945838,100.0,62.69,25.82,52.0,3.36
murwara,19.0,IN,1970-01-01 00:00:01.594945560,76.0,23.85,80.4,80.44,4.27
mitsamiouli,0.0,KM,1970-01-01 00:00:01.594945839,73.0,-11.38,43.28,75.09,25.05
mestia,0.0,GE,1970-01-01 00:00:01.594945839,66.0,43.05,42.73,53.1,2.24
